14,237,236,5757,9.3,1.01,9.41
15,237,236,5604,9.11,1.01,9.33
17,237,236,5401,7.03,1.04,6.88
16,237,236,5309,7.89,1.03,7.91
12,236,237,5120,9.82,1.01,10.05
15,236,237,4890,9.92,1.0,10.17
18,237,236,4688,6.71,1.06,6.45
13,237,236,4646,8.21,1.0,8.35
18,236,237,4607,7.64,1.0,7.77
11,236,237,4543,10.19,1.03,10.23
17,236,237,4475,7.97,1.0,8.12
12,237,236,4450,8.32,0.98,8.66
14,236,237,4216,9.35,0.99,9.67
13,236,237,4168,9.37,1.0,9.67
11,237,236,4132,8.3,0.97,8.77
10,236,237,4096,8.0,1.02,8.01
16,236,237,4084,8.99,0.98,9.36
15,236,236,4072,6.02,0.62,10.48
19,237,236,3760,6.07,1.07,5.77
17,236,236,3581,5.01,0.63,8.25
16,236,236,3543,5.68,0.64,9.15
9,236,237,3533,7.79,1.05,7.55
14,236,236,3527,5.62,0.6,9.76
10,237,236,3512,8.2,0.96,8.71
12,237,237,3511,6.72,0.6,11.78
15,237,237,3477,6.68,0.64,11.1
21,237,236,3445,6.1,1.14,5.43
14,237,237,3368,6.72,0.64,10.98
18,237,237,3315,5.24,0.62,8.79
20,237,236,3307,6.14,1.11,5.65
18,236,236,3288,4.81,0.62,8.06
13,237,237,3273,6.38,0.62,10.8
17,237,237,3262,5.48,0.63,9.01
12,236,236,3247,5.26,0.6,9.32
13,236,236,3175,5.17,0.6,9.13
16,237,237,3118,6.21,0.64,10.36
11,237,237,3021,6.83,0.62,11.79
17,161,237,3007,10.63,1.03,10.76
11,236,236,3002,5.48,0.61,9.34
9,237,236,2912,7.49,0.95,8.04
19,236,237,2876,6.94,0.97,7.26
18,161,237,2731,9.59,1.04,9.68
10,236,236,2720,5.06,0.61,8.79
8,237,236,2588,7.73,0.95,8.3
8,236,161,2563,13.61,1.91,7.11
18,161,236,2546,13.34,1.87,7.18
19,237,237,2482,4.84,0.65,7.82
16,161,237,2469,10.34,1.03,10.44
9,236,236,2463,4.82,0.6,8.43
17,161,236,2451,14.74,1.85,8.01
8,236,236,2438,5.62,0.65,9.07
10,237,237,2416,6.28,0.61,10.8
8,236,237,2323,7.65,1.08,7.16
19,236,236,2291,4.51,0.64,7.27
14,161,237,2258,11.45,1.01,11.83
15,161,237,2243,10.8,1.01,11.04
9,236,161,2217,15.37,1.88,8.24
19,161,236,2202,11.97,1.92,6.27
18,142,239,2073,6.26,0.95,6.66
13,237,161,2040,10.83,0.99,11.28
19,161,237,2039,8.24,1.08,7.92
15,236,141,2032,11.3,1.11,10.45
13,161,237,2030,11.36,1.02,11.77
15,239,238,2018,5.92,0.82,7.31
12,237,161,1983,11.11,1.0,11.5
18,239,142,1979,6.32,0.84,7.58
7,236,161,1975,9.01,1.96,4.56
12,161,237,1964,11.46,0.99,12.1
9,237,161,1957,10.39,1.04,10.31
14,237,161,1948,10.4,1.01,10.6
10,237,161,1937,10.19,1.05,9.97
22,237,236,1929,5.63,1.09,5.24
9,237,237,1929,5.99,0.61,10.47
7,237,236,1922,8.23,1.01,8.15
14,239,238,1912,5.88,0.82,7.32
18,162,237,1906,8.33,0.99,8.76
15,237,161,1902,10.27,1.0,10.72
16,161,236,1899,15.04,1.85,8.2
11,237,161,1895,11.11,1.01,11.41
8,236,162,1889,12.18,1.78,6.82
17,142,239,1888,6.45,0.95,6.9
20,237,237,1859,4.85,0.68,7.5
17,239,238,1851,5.42,0.83,6.58
8,237,161,1846,8.87,1.07,8.33
17,239,142,1841,6.31,0.85,7.53
15,236,239,1838,11.45,1.38,8.3
18,239,238,1820,5.1,0.82,6.34
16,239,238,1819,5.61,0.82,6.83
18,237,263,1810,7.75,1.18,6.64
15,236,262,1809,9.0,0.86,10.6
9,186,234,1792,7.85,0.88,9.23
13,186,230,1772,16.12,1.0,17.75
19,142,239,1762,6.09,0.95,6.45
20,161,236,1762,11.12,1.99,5.61
17,236,141,1752,8.78,1.07,8.36
15,236,263,1751,7.38,0.7,10.85
15,142,239,1748,7.1,0.93,7.72
21,142,239,1746,6.33,1.07,5.92
16,237,161,1741,10.6,0.98,11.02
17,162,237,1738,9.32,0.98,9.79
12,186,230,1738,16.66,1.0,18.07
17,236,142,1737,13.72,1.91,7.19
16,142,239,1735,6.92,0.96,7.32
21,161,236,1732,10.76,2.02,5.33
18,236,239,1731,9.05,1.41,6.41
15,141,236,1727,9.64,1.04,9.51
17,237,142,1725,11.03,1.25,9.02
18,236,141,1721,8.17,1.05,7.99
14,141,236,1707,9.39,1.04,9.1
18,237,141,1707,6.29,0.77,8.54
17,237,141,1706,6.64,0.76,9.01
15,161,236,1706,16.61,1.83,9.27
21,142,236,1700,11.64,2.19,5.33
15,238,239,1695,5.92,0.78,7.72
16,132,230,1690,63.91,17.58,3.64
15,239,142,1690,6.43,0.82,7.91
11,186,230,1685,16.22,1.0,17.75
17,237,161,1682,10.53,1.0,10.9
18,237,142,1679,10.25,1.25,8.33
14,239,142,1673,6.57,0.83,8.05
11,161,237,1666,11.58,1.0,12.17
16,237,141,1655,7.0,0.73,10.17
14,161,236,1653,18.03,1.83,9.97
21,237,237,1651,4.59,0.68,7.11
17,237,263,1644,8.33,1.17,7.18
12,239,142,1642,6.59,0.85,7.8
9,237,162,1636,8.56,0.92,9.59
15,236,238,1636,11.67,1.34,8.78
20,236,237,1634,6.32,0.96,6.77
17,141,236,1627,7.81,1.08,7.47
16,236,262,1627,7.96,0.88,9.27
18,238,239,1624,5.35,0.79,6.86
16,239,142,1620,6.22,0.83,7.54
9,236,162,1618,13.38,1.75,7.75
16,236,141,1615,9.79,1.09,9.19
18,162,236,1613,12.16,1.78,6.89
12,141,236,1610,8.82,1.02,8.88
17,238,239,1610,5.31,0.78,6.92
15,237,141,1610,7.77,0.73,11.09
10,236,161,1610,15.21,1.84,8.29
13,141,236,1605,8.67,1.03,8.62
13,239,142,1603,6.6,0.84,7.95
16,141,236,1601,8.77,1.06,8.47
17,236,239,1596,10.18,1.39,7.39
20,236,236,1595,4.47,0.67,6.96
14,237,141,1586,7.76,0.72,11.34
16,237,142,1571,11.45,1.25,9.29
8,237,162,1565,6.95,0.95,7.47
16,236,239,1565,10.8,1.38,7.88
14,142,239,1563,6.83,0.93,7.45
15,262,236,1560,8.65,0.88,9.94
14,236,141,1557,10.25,1.08,9.83
15,140,236,1554,12.18,1.28,9.66
18,236,263,1550,5.73,0.68,8.68
13,239,238,1549,5.56,0.83,6.8
18,236,142,1546,13.0,1.96,6.63
12,239,238,1536,5.54,0.81,6.85
18,163,237,1527,7.85,0.93,8.72
18,162,141,1522,9.23,1.2,7.86
17,163,236,1518,11.98,1.67,7.23
18,163,236,1516,11.31,1.71,6.68
12,236,141,1512,10.85,1.1,10.13
8,237,237,1511,6.01,0.68,9.06
8,186,234,1510,6.83,0.86,8.14
17,162,236,1510,13.49,1.77,7.59
16,238,239,1506,5.43,0.79,7.04
17,236,238,1506,10.38,1.36,7.76
12,238,239,1505,5.4,0.76,7.2
17,161,234,1498,14.08,1.39,10.25
18,161,230,1497,11.42,0.73,17.34
12,141,237,1488,7.76,0.69,11.8
20,161,237,1485,7.55,1.12,6.92
14,236,239,1484,9.99,1.39,7.14
21,142,238,1484,8.09,1.58,5.07
11,239,142,1482,6.49,0.84,7.83
13,237,141,1480,7.43,0.71,11.16
11,236,161,1477,18.58,1.85,10.13
17,236,263,1470,5.99,0.69,9.0
18,237,161,1469,9.76,1.0,10.03
18,141,236,1460,7.1,1.06,6.9
14,237,162,1460,9.94,0.96,10.82
17,237,162,1457,9.37,0.94,10.31
19,239,142,1451,5.95,0.84,7.17
16,162,237,1449,8.84,0.94,9.71
16,140,236,1449,10.83,1.3,8.5
10,237,162,1449,8.79,0.91,10.22
19,239,238,1448,5.01,0.84,6.03
14,238,239,1445,5.7,0.76,7.49
17,163,237,1444,8.35,0.93,9.37
17,236,262,1441,7.69,0.86,9.13
15,237,142,1440,11.82,1.25,9.57
15,238,236,1439,11.03,1.27,8.72
11,141,236,1438,8.68,1.04,8.71
15,132,230,1429,64.8,17.61,3.7
10,141,236,1429,8.74,1.05,8.58
20,239,238,1428,4.9,0.86,5.75
18,142,238,1427,8.12,1.44,5.64
11,239,238,1423,5.45,0.81,6.83
16,236,263,1422,6.4,0.69,9.69
16,236,238,1421,11.16,1.35,8.38
20,142,239,1421,5.94,1.0,6.0
12,237,162,1416,9.94,0.92,11.39
13,236,141,1415,10.26,1.07,9.87
16,263,236,1412,5.95,0.65,9.57
20,132,265,1409,35.21,20.15,1.93
17,142,238,1409,8.64,1.45,5.94
15,236,142,1407,14.8,1.84,8.03
18,161,234,1403,13.02,1.4,9.33
15,237,162,1403,9.62,0.96,10.34
19,237,141,1395,5.76,0.77,7.78
10,161,237,1393,11.91,1.02,12.37
14,236,262,1386,8.56,0.86,10.02
18,161,141,1386,11.98,1.45,8.47
15,263,236,1385,6.59,0.67,10.65
19,162,237,1381,7.2,1.0,7.53
13,238,239,1381,5.44,0.75,7.29
12,237,141,1379,7.87,0.7,11.81
11,141,237,1377,7.81,0.7,11.65
14,237,142,1376,11.48,1.24,9.3
12,142,239,1374,6.66,0.92,7.36
21,132,93,1373,15.86,7.98,2.0
14,141,237,1372,7.77,0.69,11.65
12,236,161,1372,17.59,1.82,9.82
16,237,263,1371,9.08,1.14,8.15
17,263,236,1370,5.65,0.66,8.93
7,236,237,1370,5.85,1.12,5.34
19,132,265,1367,38.08,20.43,2.07
19,237,263,1365,7.23,1.21,6.08
18,161,142,1364,12.97,1.43,9.21
16,237,162,1362,9.84,0.95,10.76
18,142,237,1357,9.08,1.28,7.2
13,161,236,1355,16.31,1.82,9.1
22,142,239,1353,6.28,1.1,5.75
10,239,142,1347,6.08,0.83,7.37
13,142,239,1347,6.6,0.92,7.21
13,237,162,1346,9.77,0.94,10.85
14,132,230,1346,63.44,17.54,3.62
14,263,236,1344,6.09,0.64,9.84
16,236,142,1339,14.02,1.87,7.5
15,237,263,1338,10.09,1.12,9.28
14,140,236,1336,12.25,1.3,9.54
14,236,238,1335,10.14,1.35,7.46
15,132,265,1335,51.61,20.33,2.88
18,163,142,1330,7.95,0.91,8.97
17,162,141,1328,10.02,1.18,8.66
12,236,239,1327,8.94,1.4,6.36
17,141,237,1326,6.38,0.69,9.55
11,186,161,1325,19.34,1.24,16.33
11,237,162,1325,9.8,0.92,10.96
14,138,230,1324,42.26,10.04,4.28
21,132,265,1322,32.37,19.07,1.87
13,237,142,1318,11.08,1.28,8.74
14,186,230,1317,14.15,1.01,14.67
17,262,236,1316,7.43,0.86,8.82
17,161,141,1315,12.92,1.4,9.48
17,161,142,1313,13.67,1.38,9.98
18,236,262,1312,7.15,0.84,8.64
19,161,141,1312,10.91,1.48,7.54
14,237,140,1311,10.35,0.86,12.5
11,238,239,1309,5.31,0.76,7.09
18,141,237,1307,6.31,0.7,9.23
13,141,237,1307,7.47,0.71,11.02
22,132,93,1302,15.17,7.94,1.93
15,141,237,1301,7.64,0.7,11.36
17,132,230,1299,58.91,17.6,3.35
17,161,164,1297,11.88,0.96,12.63
10,238,239,1295,4.91,0.78,6.36
18,236,238,1295,9.04,1.37,6.64
19,236,141,1294,7.76,1.06,7.49
15,237,140,1291,10.4,0.87,12.49
17,239,239,1291,4.81,0.64,7.75
11,236,141,1286,11.09,1.08,10.54
18,237,162,1286,8.52,0.97,9.04
19,162,236,1284,10.6,1.8,5.88
12,162,237,1284,11.06,0.94,12.51
15,142,238,1283,9.62,1.44,6.64
21,161,237,1282,7.63,1.18,6.59
23,132,265,1277,31.54,19.3,1.81
18,263,141,1276,5.88,0.9,6.59
10,262,236,1274,6.97,0.85,8.3
17,140,236,1271,9.81,1.28,7.86
22,142,236,1270,11.69,2.24,5.23
16,163,237,1269,8.65,0.93,9.61
22,132,265,1267,33.5,19.96,1.96
18,163,230,1266,10.23,0.76,14.35
15,162,237,1263,10.09,0.96,10.89
16,162,236,1263,13.71,1.73,7.99
18,239,239,1261,4.7,0.64,7.9
19,162,141,1260,7.94,1.23,6.52
17,186,230,1257,14.15,0.99,14.99
11,263,236,1257,5.93,0.67,9.52
14,236,142,1256,13.46,1.85,7.3
17,237,239,1255,13.11,1.76,7.49
14,236,263,1254,6.7,0.67,10.52
18,186,230,1253,14.03,1.0,14.8
15,138,230,1252,42.57,9.9,4.39
16,142,238,1251,9.1,1.46,6.23
15,237,239,1249,14.9,1.74,8.6
16,239,239,1248,4.67,0.59,8.2
16,132,265,1247,51.04,20.85,2.74
12,237,142,1247,10.97,1.28,8.66
15,239,239,1246,5.07,0.6,8.72
15,142,237,1244,11.24,1.33,8.71
12,140,236,1240,11.43,1.29,9.06
16,161,164,1239,10.83,0.93,11.9
18,263,236,1239,5.52,0.67,8.63
7,236,236,1237,6.01,0.75,8.51
7,237,161,1237,6.73,1.18,5.66
21,142,237,1237,8.72,1.4,6.29
10,236,162,1236,14.07,1.71,8.38
18,161,164,1235,10.57,0.96,11.25
16,141,237,1234,6.75,0.68,10.32
19,237,142,1233,8.88,1.22,7.38
12,142,237,1233,11.09,1.32,8.53
13,263,236,1232,5.77,0.64,9.36
10,263,236,1227,5.52,0.65,8.73
13,236,239,1227,9.16,1.39,6.5
14,162,237,1225,10.52,0.96,11.38
18,141,263,1222,5.89,0.98,6.02
8,186,161,1220,13.95,1.24,11.45
13,236,161,1220,17.06,1.84,9.4
16,237,239,1220,13.68,1.76,7.78
20,142,238,1220,8.02,1.52,5.24
19,161,234,1219,12.12,1.43,8.59
10,236,141,1219,9.18,1.1,8.53
17,142,237,1214,9.52,1.25,7.77
12,239,239,1210,5.05,0.63,8.59
16,262,236,1210,7.63,0.86,8.97
14,237,263,1209,9.85,1.13,8.89
18,132,265,1207,40.2,19.5,2.29
15,236,140,1206,13.0,1.27,10.41
18,238,142,1206,8.6,1.31,6.51
11,262,236,1206,7.22,0.84,8.78
16,163,236,1203,12.43,1.65,7.61
16,161,234,1201,13.02,1.4,9.35
12,161,236,1199,17.19,1.81,9.71
19,236,239,1194,8.02,1.42,5.63
12,239,236,1194,10.13,1.44,7.01
14,142,237,1193,10.81,1.32,8.23
12,140,237,1192,10.09,0.88,11.8
15,186,230,1192,13.68,1.02,14.16
17,239,236,1191,9.49,1.42,6.7
15,163,237,1190,9.03,0.89,10.57
7,186,234,1190,5.59,0.86,6.6
13,239,239,1189,5.2,0.64,8.33
14,239,236,1189,11.33,1.42,7.98
13,237,140,1188,10.18,0.86,12.35
13,142,237,1188,10.42,1.31,8.05
21,236,237,1187,6.12,0.97,6.5
15,140,237,1183,10.1,0.88,11.75
18,230,186,1182,12.07,0.89,14.32
17,263,141,1181,5.93,0.89,6.79
16,230,186,1181,11.54,0.9,13.3
11,162,237,1180,11.05,0.94,12.61
17,161,161,1179,8.5,0.55,17.95
14,239,239,1176,5.31,0.62,8.57
10,186,161,1176,18.24,1.25,15.25
18,142,236,1175,11.64,2.03,5.8
12,236,263,1175,6.33,0.66,9.93
16,161,161,1174,8.04,0.58,16.46
18,230,142,1174,9.69,1.12,8.75
11,237,141,1172,7.82,0.69,11.75
13,162,237,1172,10.19,0.93,11.41
22,142,238,1171,8.03,1.61,4.94
13,236,142,1171,12.94,1.9,6.79
19,163,236,1171,10.09,1.72,5.88
16,142,236,1168,13.21,2.07,6.38
11,236,239,1166,9.11,1.4,6.44
9,141,236,1163,8.24,1.05,7.97
12,236,238,1163,8.72,1.35,6.38
10,239,238,1161,5.52,0.81,6.94
12,263,236,1161,5.71,0.64,9.29
18,142,142,1161,5.17,0.59,9.08
11,140,236,1160,11.65,1.29,9.29
15,142,236,1157,15.07,2.03,7.45
10,141,237,1157,7.29,0.71,10.75
11,239,236,1156,10.47,1.43,7.36
17,238,142,1152,8.46,1.3,6.47
9,236,140,1151,11.56,1.37,8.62
13,236,238,1150,8.88,1.4,6.4
13,140,236,1148,11.63,1.3,9.1
13,140,237,1147,9.87,0.87,11.64
14,237,239,1145,13.92,1.75,7.98
17,161,186,1144,15.93,1.22,13.42
14,163,237,1144,9.64,0.91,11.03
16,237,229,1144,10.11,1.03,10.31
17,142,236,1143,12.57,2.03,6.18
9,262,236,1142,6.6,0.84,7.92
20,237,141,1141,5.54,0.77,7.63
7,236,162,1140,8.52,1.85,4.58
19,263,141,1138,5.43,0.89,6.22
10,236,140,1137,12.93,1.38,9.59
14,236,140,1135,13.07,1.3,10.4
18,237,239,1135,11.61,1.76,6.61
17,237,229,1135,9.51,1.04,9.5
17,141,263,1134,6.49,0.98,6.75
12,262,236,1134,7.22,0.84,8.7
16,186,230,1131,14.33,0.99,15.28
15,239,236,1130,11.47,1.4,8.29
10,239,236,1130,10.39,1.44,7.17
21,239,238,1129,4.64,0.85,5.51
20,237,263,1128,7.12,1.22,5.92
18,161,229,1128,8.55,0.86,10.38
14,140,237,1125,9.99,0.86,11.96
18,162,230,1124,13.4,0.87,16.37
17,230,186,1124,11.51,0.89,13.35
12,237,140,1123,10.53,0.84,12.98
11,142,237,1122,10.93,1.27,8.8
21,237,141,1122,5.65,0.8,7.33
13,239,236,1122,10.2,1.43,7.16
18,239,236,1121,9.27,1.46,6.37
22,161,236,1119,10.17,2.02,5.04
11,140,237,1119,10.05,0.88,11.73
14,142,238,1118,9.84,1.43,6.91
14,132,265,1115,46.4,19.03,2.78
15,237,229,1115,10.16,1.03,10.12
19,163,237,1114,7.06,0.94,7.78
17,132,265,1113,47.26,20.8,2.51
9,141,237,1113,6.93,0.71,10.39
10,140,236,1112,10.55,1.26,8.45
16,140,237,1112,8.59,0.85,10.43
19,142,238,1109,8.3,1.48,5.58
22,237,237,1108,4.6,0.68,7.05
9,186,161,1105,15.66,1.19,13.44
15,237,262,1105,12.76,1.38,9.42
20,132,93,1104,16.84,7.97,2.13
13,236,262,1102,7.86,0.87,9.25
19,238,239,1101,4.98,0.78,6.51
19,141,236,1100,6.47,1.05,6.39
17,234,170,1098,9.87,0.93,10.95
11,142,239,1098,6.64,0.92,7.33
17,140,263,1097,7.03,1.04,6.85
14,237,229,1097,10.24,1.05,10.17
14,236,161,1096,16.89,1.81,9.44
16,237,140,1092,9.05,0.89,10.63
17,161,163,1089,10.16,0.78,13.77
15,162,236,1089,15.56,1.68,9.39
17,162,170,1088,9.27,0.84,11.27
20,162,236,1088,10.3,1.84,5.6
20,236,239,1087,7.6,1.41,5.34
14,162,236,1087,16.51,1.71,9.81
15,163,236,1085,14.36,1.62,9.01
16,237,262,1085,11.86,1.43,8.44
16,161,141,1084,13.0,1.4,9.49
14,262,236,1083,7.57,0.85,9.03
12,236,142,1082,12.66,1.92,6.59
14,161,234,1082,12.47,1.38,9.11
16,161,186,1080,16.21,1.22,13.62
11,237,140,1080,10.54,0.86,12.64
19,236,263,1079,5.4,0.71,7.9
15,238,142,1077,9.13,1.28,7.04
15,161,164,1074,10.29,0.91,11.56
11,161,236,1074,17.21,1.83,9.59
9,161,237,1069,11.29,0.97,12.1
21,236,236,1066,4.37,0.68,6.73
18,142,48,1065,8.08,0.94,8.63
20,161,141,1063,10.26,1.51,6.89
20,162,141,1062,7.44,1.26,6.01
18,262,236,1061,7.0,0.85,8.41
13,236,263,1060,6.31,0.66,10.04
17,237,262,1058,10.7,1.42,7.63
12,236,140,1057,13.82,1.32,10.81
18,161,161,1055,7.74,0.58,15.73
14,163,236,1055,14.78,1.62,9.28
10,142,237,1054,11.06,1.28,8.79
13,161,161,1051,8.44,0.56,17.2
18,161,239,1051,16.92,2.24,7.62
12,236,262,1051,7.99,0.85,9.52
12,238,236,1050,8.97,1.3,6.79
10,140,237,1049,9.09,0.88,10.56
18,161,186,1048,15.13,1.18,13.22
14,237,262,1047,12.56,1.37,9.21
9,237,140,1046,9.47,0.84,11.53
17,161,170,1045,11.13,0.91,12.96
14,237,163,1044,9.81,0.92,11.34
13,132,230,1043,60.47,17.68,3.43
20,234,170,1043,8.17,0.98,8.39
7,186,161,1041,10.0,1.24,8.15
17,237,140,1041,8.16,0.9,9.46
13,186,161,1041,17.18,1.23,14.54
12,186,161,1041,18.56,1.25,15.47
17,141,141,1040,5.56,0.65,9.25
13,236,140,1038,13.16,1.31,10.34
17,161,229,1037,9.36,0.83,11.59
17,163,161,1037,9.57,0.71,14.19
18,234,170,1037,9.03,0.94,9.8
8,236,140,1037,11.64,1.37,8.65
10,186,234,1036,9.35,0.91,10.58
16,263,141,1036,6.49,0.88,7.53
14,161,164,1035,10.65,0.92,12.02
16,239,236,1034,10.22,1.44,7.17
18,162,170,1033,8.19,0.84,9.85
9,238,239,1033,4.64,0.79,5.95
21,237,229,1033,7.63,1.07,7.26
19,161,164,1031,9.45,0.97,9.91
19,230,142,1031,8.57,1.12,7.7
16,142,237,1030,9.97,1.32,7.68
14,238,236,1030,10.62,1.33,8.02
21,230,186,1030,10.45,0.99,11.19
11,237,142,1029,10.45,1.27,8.31
